Elektronik	Smartphones	Tablets	Laptops	Desktop-PCs	Monitore	Kopfhoerer	Smartwatches	Kameras	Drohnen	Gaming-Konsolen
Haushaltsgeraete	Kuehlschraenke	Gefrierschraenke	Herde	Backoefen	Mikrowellen	Geschirrspueler	Waschmaschinen	Trockner	Staubsauger	Kaffeemaschinen
Moebel	Sofas	Betten	Esstische	Stuehle	Schraenke	Regale	Schreibtische	Nachttische	Kommoden	TV-Moebel
Mode	T-Shirts	Hemden	Hosen	Kleider	Jacken	Pullover	Schuhe	Unterwaesche	Accessoires	Sportbekleidung
Schmuck	Ringe	Ketten	Armbaender	Ohrringe	Anhaenger	Uhren	Fusskettchen	Perlen	Broschen	Manschettenknoepfe
Spielzeug	Baukaesten	Puppen	Actionfiguren	Brettspiele	Kuscheltiere	Fahrzeuge	Lernspielzeug	Musikinstrumente	Puzzle	Outdoor-Spielzeug
Sport	Fitnessgeraete	Sportbekleidung	Schuhe	Baelle	Fahrraeder	Skateboards	Inlineskates	Campingausruestung	Kletterausruestung	Schwimmbedarf
Buecher	Romane	Krimis	Thriller	Biografien	Sachbuecher	Kochbuecher	Kinderbuecher	Fantasy	Science-Fiction	Comics
Musik	CDs	Vinyl	Musikinstrumente	Notenbuecher	Kopfhoerer	Lautsprecher	DJ-Equipment	Verstaerker	Karaoke	Mikrofone
Filme	DVDs	Blu-rays	4K UHD	Serien	Dokumentationen	Anime	Kinderfilme	Horror	Action	Drama
Lebensmittel	Obst	Gemuese	Fleisch	Fisch	Getraenke	Snacks	Backwaren	Suessigkeiten	Milchprodukte	Konserven
Getraenke	Wasser	Saefte	Limonaden	Bier	Wein	Spirituosen	Tee	Kaffee	Energy-Drinks	Cocktails
Garten	Pflanzen	Blumen	Samen	Werkzeuge	Gartenmoebel	Grills	Bewaesserung	Schutzkleidung	Duenger	Pflanzgefaesse
Werkzeuge	Handwerkzeuge	Elektrowerkzeuge	Bohrer	Saegen	Schraubendreher	Zangen	Schleifgeraete	Messgeraete	Leitern	Werkzeugkaesten
Buerobedarf	Papier	Stifte	Ordner	Drucker	Toner	Notizbuecher	Kalender	Whiteboards	Buerostuehle	Schreibtische
Beauty	Make-up	Parfuem	Gesichtspflege	Koerperpflege	Haarpflege	Nagelpflege	Rasur	Wellness	Sonnenpflege	Deodorants
Gesundheit	Medikamente	Vitamine	Erste Hilfe	Blutdruckmessgeraete	Thermometer	Orthopaedie	Massagegeraete	Pflegeprodukte	Hoergeraete	Sehhilfen
Tierbedarf	Hundefutter	Katzenfutter	Kleintierfutter	Aquaristik	Terraristik	Vogelbedarf	Kaefige	Spielzeug	Kratzbaeume	Leinen
Auto & Motorrad	Reifen	Felgen	Motoroel	Werkzeug	Helme	Schutzkleidung	Tuning	Autopflege	Navigationsgeraete	Batterien
Reisen	Fluege	Hotels	Ferienwohnungen	Kreuzfahrten	Mietwagen	Camping	Staedtereisen	Strandurlaub	Rundreisen	Abenteuerreisen
Baby & Kleinkind	Kinderwagen	Babykleidung	Windeln	Flaschen	Spielzeug	Schnuller	Autositze	Hochstuehle	Betten	Pflegeprodukte
Computer & Zubehoer	Grafikkarten	Prozessoren	Mainboards	Arbeitsspeicher	Festplatten	SSDs	Netzteile	Gehaeuse	Kuehlsysteme	Peripherie
Fotografie	Kameras	Objektive	Stative	Blitzgeraete	Speicherkarten	Filter	Drohnen	Kamerataschen	Akkus	Software
Schuhe	Sneaker	Stiefel	Sandalen	High Heels	Ballerinas	Sportschuhe	Hausschuhe	Loafers	Flip-Flops	Business-Schuhe
Taschen & Gepaeck	Rucksaecke	Handtaschen	Koffer	Sporttaschen	Laptoptaschen	Brieftaschen	Guerteltaschen	Reisetaschen	Schultaschen	Kosmetiktaschen
Spiele	PC-Spiele	Konsolenspiele	Brettspiele	Kartenspiele	Rollenspiele	Puzzles	Kinderspiele	Strategiespiele	Partyspiele	Simulationen
Kunst & Basteln	Malerei	Zeichnen	Skulpturen	Perlen	Stricken	Haekeln	Naehen	Bastelpapier	Kleber	Werkzeug
Musikinstrumente	Gitarren	Klaviere	Schlagzeuge	Geigen	Floeten	Trompeten	Saxophone	Mikrofone	Zubehoer	Noten
Uhren	Armbanduhren	Wanduhren	Standuhren	Smartwatches	Taschenuhren	Wecker	Luxusuhren	Kinderuhren	Sportuhren	Designeruhren
Geschenkartikel	Geschenkboxen	Karten	Dekoration	Personalisierte Geschenke	Fotoalben	Kerzen	Souvenirs	Spielzeug	Blumen	Gutscheine
